Country,Response_measure,date_start,date_end
Cyprus,BanOnAllEvents,2020-03-10,2020-06-24
Cyprus,ClosDaycare,2020-03-10,2020-06-09
Cyprus,ClosHigh,2020-03-10,2020-05-11
Cyprus,ClosPrim,2020-03-10,2020-05-21
Cyprus,ClosSec,2020-03-10,2020-05-10
Cyprus,MassGather50,2020-03-10,2020-07-11
Cyprus,MassGatherAll,2020-03-10,2020-11-04
Cyprus,ClosPubAny,2020-03-13,2020-05-03
Cyprus,GymsSportsCentres,2020-03-13,2020-05-03
Cyprus,EntertainmentVenues,2020-03-16,2020-05-20
Cyprus,HotelsOtherAccommodation,2020-03-16,2020-05-03
Cyprus,NonEssentialShops,2020-03-16,2020-05-03
Cyprus,PlaceOfWorship,2020-03-16,2020-05-03
Cyprus,RestaurantsCafes,2020-03-16,2020-05-20
Cyprus,WorkplaceClosures,2020-03-16,2020-04-14
Cyprus,StayHomeOrder,2020-03-24,2020-05-03
Cyprus,PrivateGatheringRestrictions,2020-03-31,2020-05-03
Cyprus,WorkplaceClosuresPartial,2020-04-15,2020-06-29
Cyprus,ClosPubAnyPartial,2020-05-04,2020-06-29
Cyprus,GymsSportsCentresPartial,2020-05-04,2020-06-13
Cyprus,HotelsOtherAccommodationPartial,2020-05-04,2020-06-09
Cyprus,MasksMandatoryClosedSpaces,2020-05-04,2020-11-04
Cyprus,NonEssentialShopsPartial,2020-05-04,2020-06-09
Cyprus,PlaceOfWorshipPartial,2020-05-04,2020-06-01
Cyprus,StayHomeOrderPartial,2020-05-04,2020-05-21
Cyprus,ClosSecPartial,2020-05-11,2020-05-21
Cyprus,EntertainmentVenuesPartial,2020-05-21,2020-06-29
Cyprus,RestaurantsCafesPartial,2020-05-21,2020-06-09
Cyprus,IndoorOver50,2020-06-25,2020-07-11
Cyprus,OutdoorOver50,2020-06-25,2020-07-11
Cyprus,QuarantineForInternationalTravellers,2020-06-30,2021-05-09
Cyprus,IndoorOver100,2020-07-12,2020-11-04
Cyprus,OutdoorOver100,2020-07-12,2020-11-04
Cyprus,BanOnAllEventsPartial,2020-11-05,2021-05-16
Cyprus,ClosPubAnyPartial,2020-11-05,NA
Cyprus,MasksMandatoryAllSpaces,2020-11-05,NA
Cyprus,MassGather50Partial,2020-11-05,2021-05-16
Cyprus,MassGatherAllPartial,2020-11-05,2021-05-16
Cyprus,PrivateGatheringRestrictions,2020-11-05,2021-02-07
Cyprus,RestaurantsCafesPartial,2020-11-05,2020-12-10
Cyprus,StayHomeOrderPartial,2020-11-05,2021-01-09
Cyprus,EntertainmentVenues,2020-12-11,2021-02-07
Cyprus,NonEssentialShopsPartial,2020-12-11,2021-02-07
Cyprus,RestaurantsCafes,2020-12-11,2021-03-14
Cyprus,ClosHigh,2020-12-14,2021-05-09
Cyprus,ClosSec,2020-12-14,2021-02-07
Cyprus,GymsSportsCentres,2021-01-08,2021-03-31
Cyprus,TeleworkingPartial,2021-01-08,2021-06-09
Cyprus,ClosPrim,2021-01-10,2021-02-07
Cyprus,StayHomeOrder,2021-01-10,2021-05-09
Cyprus,ClosSecPartial,2021-02-08,2021-03-31
Cyprus,EntertainmentVenuesPartial,2021-02-08,2021-04-25
Cyprus,PlaceOfWorshipPartial,2021-02-08,NA
Cyprus,PrivateGatheringRestrictionsPartial,2021-02-08,2021-04-25
Cyprus,RestaurantsCafesPartial,2021-03-15,2021-04-25
Cyprus,EntertainmentVenues,2021-04-26,2021-05-09
Cyprus,GymsSportsCentres,2021-04-26,2021-05-09
Cyprus,NonEssentialShops,2021-04-26,2021-05-09
Cyprus,PrivateGatheringRestrictions,2021-04-26,2021-05-28
Cyprus,RestaurantsCafes,2021-04-26,2021-05-09
Cyprus,EntertainmentVenuesPartial,2021-05-10,NA
Cyprus,GymsSportsCentresPartial,2021-05-10,NA
Cyprus,NonEssentialShopsPartial,2021-05-10,NA
Cyprus,QuarantineForInternationalTravellersPartial,2021-05-10,NA
Cyprus,RestaurantsCafesPartial,2021-05-10,NA
Cyprus,StayHomeOrderPartial,2021-05-10,2021-06-09
Cyprus,BanOnAllEvents,2021-05-17,NA
Cyprus,HotelsOtherAccommodationPartial,2021-05-17,NA
Cyprus,MassGather50,2021-05-17,NA
Cyprus,MassGatherAll,2021-05-17,NA
Cyprus,PrivateGatheringRestrictionsPartial,2021-05-29,NA
